TIMESTAMP,DD,HH,MM,SS,MS,US,CODE
10470163465261,1,5,5,1,634,652,0x0102
10471416169063,1,5,5,14,161,690,0x0103
10471425561681,1,5,5,14,255,616,0x0102
10504691240453,1,5,10,46,912,404,0x0101
10504700635132,1,5,10,47,6,351,0x0102
10519854930423,1,5,13,18,549,304,0x0101
10519864327020,1,5,13,18,643,270,0x0102
10530995421059,1,5,15,9,954,210,0x0103
10531004819220,1,5,15,10,48,192,0x0102
10540258566001,1,5,16,42,585,660,0x0103
10540267964160,1,5,16,42,679,641,0x0102
10544706314837,1,5,17,27,63,148,0x0103
10544715712267,1,5,17,27,157,122,0x0102
10569626789519,1,5,21,36,267,895,0x0301
10569727168846,1,5,21,37,271,688,0x0401
10569826673272,1,5,21,38,266,732,0x0301
10569826675026,1,5,21,38,266,750,0x0301
10572213038222,1,5,22,2,130,382,0x0301
10579538463079,1,5,23,15,384,630,0x0103
10579547860507,1,5,23,15,478,605,0x0102
10581675178390,1,5,23,36,751,783,0x0401
10581687843569,1,5,23,36,878,435,0x0401
10582035440988,1,5,23,40,354,409,0x0401
10583156766203,1,5,23,51,567,662,0x0401
10583169406049,1,5,23,51,694,60,0x0401
10583493673022,1,5,23,54,936,730,0x0401
10586103999253,1,5,24,21,39,992,0x0401
10586117260927,1,5,24,21,172,609,0x0401
10586585918613,1,5,24,25,859,186,0x0301
10586586763491,1,5,24,25,867,634,0x0401
10590250059983,1,5,25,2,500,599,0x0401
10592107273557,1,5,25,21,72,735,0x0401
10592119940910,1,5,25,21,199,409,0x0401
10592766020448,1,5,25,27,660,204,0x0301
10592767523814,1,5,25,27,675,238,0x0401
10594215151082,1,5,25,42,151,510,0x0401
10594216575228,1,5,25,42,165,752,0x0301
10594217011333,1,5,25,42,170,113,0x0401
10594629549249,1,5,25,46,295,492,0x0401
10598977762310,1,5,26,29,777,623,0x0401
10598990487359,1,5,26,29,904,873,0x0401
10599281748888,1,5,26,32,817,488,0x0301
10599293070659,1,5,26,32,930,706,0x0401
10601628038981,1,5,26,56,280,389,0x0101
10601637436414,1,5,26,56,374,364,0x0102
10606575887629,1,5,27,45,758,876,0x0401
10606588370666,1,5,27,45,883,706,0x0401
10608743389644,1,5,28,7,433,896,0x0401
10611689875419,1,5,28,36,898,754,0x0401
10611702358716,1,5,28,37,23,587,0x0401
10623424678689,1,5,30,34,246,786,0x0302
10623424918669,1,5,30,34,249,186,0x0302
10623425158881,1,5,30,34,251,588,0x0302
10623425417940,1,5,30,34,254,179,0x0302
10623425658699,1,5,30,34,256,586,0x0302
10623425918487,1,5,30,34,259,184,0x0302
10623426178509,1,5,30,34,261,785,0x0302
10623426437822,1,5,30,34,264,378,0x0302
10623426600504,1,5,30,34,266,5,0x0101
10623435997991,1,5,30,34,359,979,0x0102
10639098304614,1,5,33,10,983,46,0x0401
10639110792116,1,5,33,11,107,921,0x0401
10673931282731,1,5,38,59,312,827,0x0101
10673940680204,1,5,38,59,406,802,0x0102
10674085983510,1,5,39,0,859,835,0x0301
10674186861797,1,5,39,1,868,617,0x0401
10674481550272,1,5,39,4,815,502,0x0301
10676066131637,1,5,39,20,661,316,0x0103
10676075547025,1,5,39,20,755,470,0x0102
10676220478413,1,5,39,22,204,784,0x0301
10676320759275,1,5,39,23,207,592,0x0401
10676616070459,1,5,39,26,160,704,0x0301
10690879910071,1,5,41,48,799,100,0x0401
10690880018417,1,5,41,48,800,184,0x0301
10690880399522,1,5,41,48,803,995,0x0301
10690882702646,1,5,41,48,827,26,0x0401
10884901465992,1,6,14,9,14,659,0x0301
10884901476086,1,6,14,9,14,760,0x0301
10885407723876,1,6,14,14,77,238,0x0101
10885417139335,1,6,14,14,171,393,0x0102
10885562351154,1,6,14,15,623,511,0x0301
10885662665608,1,6,14,16,626,656,0x0401
10885957951889,1,6,14,19,579,518,0x0301
10889939705677,1,6,14,59,397,56,0x0401
10889939815110,1,6,14,59,398,151,0x0301
10889940364761,1,6,14,59,403,647,0x0301
10889954616333,1,6,14,59,546,163,0x0401
10995537688536,1,6,32,35,376,885,0x0103
10995547113410,1,6,32,35,471,134,0x0102
10995550987161,1,6,32,35,509,871,0x0301
10995550996786,1,6,32,35,509,967,0x0301
10995605256074,1,6,32,36,52,560,0x0101
10995614680956,1,6,32,36,146,809,0x0102
10995618721583,1,6,32,36,187,215,0x0301
10995618731342,1,6,32,36,187,313,0x0301
10995673049830,1,6,32,36,730,498,0x0101
10995682475340,1,6,32,36,824,753,0x0102
10995686346204,1,6,32,36,863,462,0x0301
10995686355744,1,6,32,36,863,557,0x0301
10995740622222,1,6,32,37,406,222,0x0101
10995750047075,1,6,32,37,500,470,0x0102
10995753912341,1,6,32,37,539,123,0x0301
10995753914930,1,6,32,37,539,149,0x0301
10995854344144,1,6,32,38,543,441,0x0401
10995890063256,1,6,32,38,900,632,0x0301
10995890081444,1,6,32,38,900,814,0x0301
10995890185049,1,6,32,38,901,850,0x0301
10995895102406,1,6,32,38,951,24,0x0301
10995895224383,1,6,32,38,952,243,0x0301
10995895244235,1,6,32,38,952,442,0x0301
10995895362252,1,6,32,38,953,622,0x0301
10995895375046,1,6,32,38,953,750,0x0301
10995895502080,1,6,32,38,955,20,0x0301
10995895521936,1,6,32,38,955,219,0x0301
10995895637597,1,6,32,38,956,375,0x0301
10995895643896,1,6,32,38,956,438,0x0301
10995895774697,1,6,32,38,957,746,0x0301
10995895794442,1,6,32,38,957,944,0x0301
10995895913874,1,6,32,38,959,138,0x0301
10995895920175,1,6,32,38,959,201,0x0301
10995896043550,1,6,32,38,960,435,0x0301
10995896063392,1,6,32,38,960,633,0x0301
10995896181510,1,6,32,38,961,815,0x0301
10995896194266,1,6,32,38,961,942,0x0301
10995896319282,1,6,32,38,963,192,0x0301
10995896339383,1,6,32,38,963,393,0x0301
10995896459322,1,6,32,38,964,593,0x0301
10995896472308,1,6,32,38,964,723,0x0301
10995896597770,1,6,32,38,965,977,0x0301
10995896617844,1,6,32,38,966,178,0x0301
10995896735637,1,6,32,38,967,356,0x0301
10995896741935,1,6,32,38,967,419,0x0301
10995896871979,1,6,32,38,968,719,0x0301
10995896892195,1,6,32,38,968,921,0x0301
10997454087942,1,6,32,54,540,879,0x0101
10997463512831,1,6,32,54,635,128,0x0102
10997467542286,1,6,32,54,675,422,0x0301
10997467544876,1,6,32,54,675,448,0x0301
10997567674403,1,6,32,55,676,744,0x0401
10997603774103,1,6,32,56,37,741,0x0301
10997603792424,1,6,32,56,37,924,0x0301
10997603905727,1,6,32,56,39,57,0x0301
10997608822480,1,6,32,56,88,224,0x0301
10997608946830,1,6,32,56,89,468,0x0301
10997608966684,1,6,32,56,89,666,0x0301
10997609087369,1,6,32,56,90,873,0x0301
10997609093665,1,6,32,56,90,936,0x0301
10997609225261,1,6,32,56,92,252,0x0301
10997609244606,1,6,32,56,92,446,0x0301
10997609362779,1,6,32,56,93,627,0x0301
10997609369079,1,6,32,56,93,690,0x0301
10997609493202,1,6,32,56,94,932,0x0301
10997609513061,1,6,32,56,95,130,0x0301
10997609633252,1,6,32,56,96,332,0x0301
10997609646054,1,6,32,56,96,460,0x0301
10997609771403,1,6,32,56,97,714,0x0301
10997609790824,1,6,32,56,97,908,0x0301
10997609909999,1,6,32,56,99,99,0x0301
10997609923377,1,6,32,56,99,233,0x0301
10997610050134,1,6,32,56,100,501,0x0301
10997610070115,1,6,32,56,100,701,0x0301
10997610189776,1,6,32,56,101,897,0x0301
10997610202851,1,6,32,56,102,28,0x0301
10997610328380,1,6,32,56,103,283,0x0301
10997610348357,1,6,32,56,103,483,0x0301
10997610467186,1,6,32,56,104,671,0x0301
10997610473484,1,6,32,56,104,734,0x0301
10997610606703,1,6,32,56,106,67,0x0301
10997610626958,1,6,32,56,106,269,0x0301
11054558990617,1,6,42,25,589,906,0x0103
11054568416144,1,6,42,25,684,161,0x0102
11054713530970,1,6,42,27,135,309,0x0301
11054816115683,1,6,42,28,161,156,0x0401
11056146867064,1,6,42,41,468,670,0x0103
11056156292597,1,6,42,41,562,925,0x0102
11056301323602,1,6,42,43,13,236,0x0301
11056402532850,1,6,42,44,25,328,0x0401
11058617933301,1,6,43,6,179,333,0x0301
11058617953023,1,6,43,6,179,530,0x0301
11059120628341,1,6,43,11,206,283,0x0101
11059130053944,1,6,43,11,300,539,0x0102
11059275323301,1,6,43,12,753,233,0x0301
11059375692226,1,6,43,13,756,922,0x0401
11062590119004,1,6,43,45,901,190,0x0103
11062599543901,1,6,43,45,995,439,0x0102
11062744647976,1,6,43,47,446,479,0x0301
11062846757570,1,6,43,48,467,575,0x0401
11065787300231,1,6,44,17,873,2,0x0301
11065787318782,1,6,44,17,873,187,0x0301
11065796743641,1,6,44,17,967,436,0x0102
11070256037734,1,6,45,2,560,377,0x0401
11070267954805,1,6,45,2,679,548,0x0401
11075621899011,1,6,45,56,218,990,0x0301
11075621918726,1,6,45,56,219,187,0x0301
11075771428898,1,6,45,57,714,288,0x0401
11075780853767,1,6,45,57,808,537,0x0102
11080252973641,1,6,46,42,529,736,0x0401
11080264828934,1,6,46,42,648,289,0x0401
11365500103898,1,7,34,15,1,38,0x0401
11444287139200,1,7,47,22,871,392,0x0401
11444299687020,1,7,47,22,996,870,0x0401
24388355827980,2,19,44,43,558,279,0x0301
24388355834082,2,19,44,43,558,340,0x0301
24388357452700,2,19,44,43,574,527,0x0401
24388366877599,2,19,44,43,668,775,0x0102
24392598273872,2,19,45,25,982,738,0x0401
24392610149756,2,19,45,26,101,497,0x0401
24414444763796,2,19,49,4,447,637,0x0401
24431557604165,2,19,51,55,576,41,0x0101
24431567029054,2,19,51,55,670,290,0x0102
24435816885885,2,19,52,38,168,858,0x0401
24435828828295,2,19,52,38,288,282,0x0401
24442541298430,2,19,53,45,412,984,0x0401
24485290556851,2,20,0,52,905,568,0x0401
24485303300637,2,20,0,53,33,6,0x0401
27094254898265,3,3,15,42,548,982,0x0301
27094254912661,3,3,15,42,549,126,0x0301
27094258440647,3,3,15,42,584,406,0x0401
27262564883434,3,3,43,45,648,834,0x0301
27262574308293,3,3,43,45,743,82,0x0102
27267077687314,3,3,44,30,776,873,0x0401
27267089633506,3,3,44,30,896,335,0x0401
50678905550843,5,20,46,29,55,508,0x0401
50772084850093,5,21,2,0,848,500,0x0401
50772096737201,5,21,2,0,967,372,0x0401
50778804615984,5,21,3,8,46,159,0x0401
50791740447725,5,21,5,17,404,477,0x0301
50791740466638,5,21,5,17,404,666,0x0301
50791840700246,5,21,5,18,407,2,0x0401
50791840708955,5,21,5,18,407,89,0x0301
50792255922569,5,21,5,22,559,225,0x0102
50801618769476,5,21,6,56,187,694,0x0301
50801618787836,5,21,6,56,187,878,0x0301
50801719463913,5,21,6,57,194,639,0x0401
50802115346432,5,21,7,1,153,464,0x0102
50805259036091,5,21,7,32,590,360,0x0401
50805270958960,5,21,7,32,709,589,0x0401
50811713931076,5,21,8,37,139,310,0x0401
50829164900820,5,21,11,31,649,8,0x0401
50829177158960,5,21,11,31,771,589,0x0401
50838415502046,5,21,13,4,155,20,0x0401
50866228915127,5,21,17,42,289,151,0x0401
50866241178696,5,21,17,42,411,786,0x0401
59140265328690,6,20,16,42,653,286,0x0401
59157292862466,6,20,19,32,928,624,0x0401
59157304806650,6,20,19,33,48,66,0x0401
59170767435739,6,20,21,47,674,357,0x0401
59179653417432,6,20,23,16,534,174,0x0401
59179665327226,6,20,23,16,653,272,0x0401
59184895901310,6,20,24,8,959,13,0x0301
59184998115692,6,20,24,9,981,156,0x0401
59200426169399,6,20,26,44,261,693,0x0401
59200433455276,6,20,26,44,334,552,0x0401
59200445350830,6,20,26,44,453,508,0x0401
59202579715461,6,20,27,5,797,154,0x0301
59202681547359,6,20,27,6,815,473,0x0401
59207127604842,6,20,27,51,276,48,0x0401
59207134880439,6,20,27,51,348,804,0x0401
59207146827490,6,20,27,51,468,274,0x0401
59215065053085,6,20,29,10,650,530,0x0301
59215166058985,6,20,29,11,660,589,0x0401
59249779959143,6,20,34,57,799,591,0x0401
59249787232185,6,20,34,57,872,321,0x0401
59249799141572,6,20,34,57,991,415,0x0401
59253231208701,6,20,35,32,312,87,0x0301
59253231215891,6,20,35,32,312,158,0x0301
59253231223743,6,20,35,32,312,237,0x0301
59253232497847,6,20,35,32,324,978,0x0401
59262809370812,6,20,37,8,93,708,0x0301
59262818795651,6,20,37,8,187,956,0x0102
59265774962448,6,20,37,37,749,624,0x0401
59265786806547,6,20,37,37,868,65,0x0401
59598574719685,6,21,33,5,747,196,0x0301
59598574729433,6,21,33,5,747,294,0x0301
59598574737973,6,21,33,5,747,379,0x0301
59598576782941,6,21,33,5,767,829,0x0401
59600162405483,6,21,33,21,624,54,0x0301
59600171830385,6,21,33,21,718,303,0x0102
59604591238312,6,21,34,5,912,383,0x0401
59604603102225,6,21,34,6,31,22,0x0401
59605988061005,6,21,34,19,880,610,0x0301
59605988067109,6,21,34,19,880,671,0x0301
59605990026929,6,21,34,19,900,269,0x0401
59611008995695,6,21,35,10,89,956,0x0301
59611329438230,6,21,35,13,294,382,0x0301
59611338863093,6,21,35,13,388,630,0x0102
59615799420442,6,21,35,57,994,204,0x0401
59615811283535,6,21,35,58,112,835,0x0401
59618965349471,6,21,36,29,653,494,0x0401
59620962984425,6,21,36,49,629,844,0x0401
59620974810680,6,21,36,49,748,106,0x0401
59623393747950,6,21,37,13,937,479,0x0301
59623393764731,6,21,37,13,937,647,0x0301
59623393776041,6,21,37,13,937,760,0x0301
59623395370747,6,21,37,13,953,707,0x0401
59628698091180,6,21,38,6,980,911,0x0301
59629024472117,6,21,38,10,244,721,0x0301
59629024496720,6,21,38,10,244,967,0x0301
59629033921573,6,21,38,10,339,215,0x0102
59633487691502,6,21,38,54,876,915,0x0401
59633499511642,6,21,38,54,995,116,0x0401
68831650385101,7,23,11,56,503,851,0x0301
68831650404982,7,23,11,56,504,49,0x0301
68831751441821,7,23,11,57,514,418,0x0401
68832153313712,7,23,12,1,533,137,0x0102
68836479621392,7,23,12,44,796,213,0x0401
68836491495151,7,23,12,44,914,951,0x0401
68921787723287,7,23,26,57,877,232,0x0401
68934571480751,7,23,29,5,714,807,0x0401
68934584009192,7,23,29,5,840,91,0x0401
68942389027784,7,23,30,23,890,277,0x0401
69372052350451,8,0,42,0,523,504,0x0301
69372052368420,8,0,42,0,523,684,0x0301
69372156004086,8,0,42,1,560,40,0x0401
69372555036393,8,0,42,5,550,363,0x0101
69372564461252,8,0,42,5,644,612,0x0102
69377087826970,8,0,42,50,878,269,0x0401
69377099711802,8,0,42,50,997,118,0x0401
69390527127936,8,0,45,5,271,279,0x0401
69398580323435,8,0,46,25,803,234,0x0401
69398592675673,8,0,46,25,926,756,0x0401
69410082935305,8,0,48,20,829,353,0x0301
69410082954689,8,0,48,20,829,546,0x0301
69410183704983,8,0,48,21,837,49,0x0401
69410426666408,8,0,48,24,266,664,0x0301
69410436091286,8,0,48,24,360,912,0x0102
69413504024720,8,0,48,55,40,247,0x0401
69413515857975,8,0,48,55,158,579,0x0401
69415909518225,8,0,49,19,95,182,0x0301
69415909525429,8,0,49,19,95,254,0x0301
69415909531392,8,0,49,19,95,313,0x0301
69415910035868,8,0,49,19,100,358,0x0401
69418624612741,8,0,49,46,246,127,0x0301
69418634037623,8,0,49,46,340,376,0x0102
69421669659777,8,0,50,16,696,597,0x0401
69421681499907,8,0,50,16,814,999,0x0401
69424421264209,8,0,50,44,212,642,0x0301
69424421281864,8,0,50,44,212,818,0x0301
69424421914030,8,0,50,44,219,140,0x0401
69459803643157,8,0,56,38,36,431,0x0301
69460135038913,8,0,56,41,350,389,0x0301
69460144463766,8,0,56,41,444,637,0x0102
69464555473610,8,0,57,25,554,736,0x0401
69464567357367,8,0,57,25,673,573,0x0401
69471424889498,8,0,58,34,248,894,0x0401
69472299105115,8,0,58,42,991,51,0x0301
69472299123549,8,0,58,42,991,235,0x0301
69472399650906,8,0,58,43,996,509,0x0401
69472399659735,8,0,58,43,996,597,0x0301
69472814612252,8,0,58,48,146,122,0x0102
69475842521305,8,0,59,18,425,213,0x0401
69475854405155,8,0,59,18,544,51,0x0401
69480245714295,8,1,0,2,457,142,0x0301
69480245730376,8,1,0,2,457,303,0x0301
69480245738543,8,1,0,2,457,385,0x0301
69480246652456,8,1,0,2,466,524,0x0401
69484038513874,8,1,0,40,385,138,0x0301
69484047938733,8,1,0,40,479,387,0x0102
69488447135800,8,1,1,24,471,358,0x0401
69488458970061,8,1,1,24,589,700,0x0401
69490851815560,8,1,1,48,518,155,0x0301
69490851835536,8,1,1,48,518,355,0x0301
69490952669206,8,1,1,49,526,692,0x0401
69491367370027,8,1,1,53,673,700,0x0102
69495879041693,8,1,2,38,790,416,0x0401
69495890962527,8,1,2,38,909,625,0x0401
69498610307417,8,1,3,6,103,74,0x0301
69498610322967,8,1,3,6,103,229,0x0301
69498610335153,8,1,3,6,103,351,0x0301
69498611249757,8,1,3,6,112,497,0x0401
69504676681922,8,1,4,6,766,819,0x0301
69505008934487,8,1,4,10,89,344,0x0301
69505009057561,8,1,4,10,90,575,0x0301
69505018482444,8,1,4,10,184,824,0x0102
69509460986063,8,1,4,54,609,860,0x0401
69509472906020,8,1,4,54,729,60,0x0401
69512690350157,8,1,5,26,903,501,0x0401
69513297531261,8,1,5,32,975,312,0x0401
69513309485610,8,1,5,33,94,856,0x0401
69514581738593,8,1,5,45,817,385,0x0301
69514581760410,8,1,5,45,817,604,0x0301
69514688912052,8,1,5,46,889,120,0x0401
69515097298269,8,1,5,50,972,982,0x0102
69519231024963,8,1,6,32,310,249,0x0301
69519231043179,8,1,6,32,310,431,0x0301
69519332438691,8,1,6,33,324,386,0x0401
69519746557105,8,1,6,37,465,571,0x0102
69523992417732,8,1,7,19,924,177,0x0401
69524004279176,8,1,7,20,42,791,0x0401
69528790805160,8,1,8,7,908,51,0x0401
69529398314832,8,1,8,13,983,148,0x0401
69529410182842,8,1,8,14,101,828,0x0401
69534240097529,8,1,9,2,400,975,0x0401
69534847720973,8,1,9,8,477,209,0x0401
69534859572512,8,1,9,8,595,725,0x0401
69541264388470,8,1,10,12,643,884,0x0401
69544377496087,8,1,10,43,774,960,0x0301
69544481349450,8,1,10,44,813,494,0x0401
69544577360518,8,1,10,45,773,605,0x0301
69544577362274,8,1,10,45,773,622,0x0301
69546860990630,8,1,11,8,609,906,0x0301
69546860995930,8,1,11,8,609,959,0x0301
69546870420823,8,1,11,8,704,208,0x0102
69549952333605,8,1,11,39,523,336,0x0401
69549964201352,8,1,11,39,642,13,0x0401
69556218411147,8,1,12,42,184,111,0x0301
69556218431182,8,1,12,42,184,311,0x0301
69556318565789,8,1,12,43,185,657,0x0401
69556318570491,8,1,12,43,185,704,0x0301
69556733938745,8,1,12,47,339,387,0x0102
69561212154475,8,1,13,32,121,544,0x0401
69561224050929,8,1,13,32,240,509,0x0401
69565798657490,8,1,14,17,986,574,0x0401
69566406308123,8,1,14,24,63,81,0x0401
69566418199300,8,1,14,24,181,993,0x0401
69569520660449,8,1,14,55,206,604,0x0401
69570128149345,8,1,15,1,281,493,0x0401
69570140000680,8,1,15,1,400,6,0x0401
69574837793269,8,1,15,48,377,932,0x0401
69575445611158,8,1,15,54,456,111,0x0401
69575457433878,8,1,15,54,574,338,0x0401
69580049371570,8,1,16,40,493,715,0x0401
69580657042906,8,1,16,46,570,429,0x0401
69580668904387,8,1,16,46,689,43,0x0401
69583345520797,8,1,17,13,455,207,0x0301
69583345540817,8,1,17,13,455,408,0x0301
69583449495054,8,1,17,14,494,950,0x0401
69583851644188,8,1,17,18,516,441,0x0101
69583861069094,8,1,17,18,610,690,0x0102
69586682773915,8,1,17,46,827,739,0x0401
69586694663597,8,1,17,46,946,635,0x0401
69647267727917,8,1,27,52,677,279,0x0301
69647267747381,8,1,27,52,677,473,0x0301
69647372555358,8,1,27,53,725,553,0x0401
69647764367362,8,1,27,57,643,673,0x0102
69700248964271,8,1,36,42,489,642,0x0401
69700270356417,8,1,36,42,703,564,0x0401
69702437659204,8,1,37,4,376,592,0x0401
69702860595084,8,1,37,8,605,950,0x0301
69702860612310,8,1,37,8,606,123,0x0301
69702960768806,8,1,37,9,607,688,0x0401
69703366684674,8,1,37,13,666,846,0x0101
69703376109537,8,1,37,13,761,95,0x0102
69706439310886,8,1,37,44,393,108,0x0401
69706451248448,8,1,37,44,512,484,0x0401
69713398853569,8,1,38,53,988,535,0x0401
69799400652131,8,1,53,14,6,521,0x0401
69799413322280,8,1,53,14,133,222,0x0401
69800948038304,8,1,53,29,480,383,0x0301
69800948054080,8,1,53,29,480,540,0x0301
69800948063898,8,1,53,29,480,638,0x0301
69800948926686,8,1,53,29,489,266,0x0401
69829701035717,8,1,58,17,10,357,0x0301
69829710460586,8,1,58,17,104,605,0x0102
69834054170230,8,1,59,0,541,702,0x0401
69834066112897,8,1,59,0,661,128,0x0401
69842499403179,8,2,0,24,994,31,0x0301
69842499410378,8,2,0,24,994,103,0x0301
69842499417074,8,2,0,24,994,170,0x0301
69842501150905,8,2,0,25,11,509,0x0401
69869192275098,8,2,4,51,922,750,0x0301
69869516274378,8,2,4,55,162,743,0x0301
69869516386012,8,2,4,55,163,860,0x0301
69869525810905,8,2,4,55,258,109,0x0102
69872627672478,8,2,5,26,276,724,0x0401
69872639606092,8,2,5,26,396,60,0x0401
71445064743244,8,6,27,30,647,432,0x0401
71957373115621,8,7,52,53,731,156,0x0401
71957394606473,8,7,52,53,946,64,0x0401
71958924056306,8,7,53,9,240,563,0x0301
71958924063472,8,7,53,9,240,634,0x0301
71958944576653,8,7,53,9,445,766,0x0301
71958945717824,8,7,53,9,457,178,0x0301
71958945832282,8,7,53,9,458,322,0x0301
71958945972666,8,7,53,9,459,726,0x0401
71958955397599,8,7,53,9,553,975,0x0102
71958961534392,8,7,53,9,615,343,0x0101
71958970959295,8,7,53,9,709,592,0x0102
71958977114689,8,7,53,9,771,146,0x0101
71958986539622,8,7,53,9,865,396,0x0102
71958992708852,8,7,53,9,927,88,0x0101
71959002133725,8,7,53,10,21,337,0x0102
71959008308642,8,7,53,10,83,86,0x0101
71959017733537,8,7,53,10,177,335,0x0102
71963327428607,8,7,53,53,274,286,0x0401
71963339348868,8,7,53,53,393,488,0x0401
71970126564405,8,7,55,1,265,644,0x0401
71971656393274,8,7,55,16,563,932,0x0101
71971665818147,8,7,55,16,658,181,0x0102
71974472158603,8,7,55,44,721,586,0x0401
71974484102840,8,7,55,44,841,28,0x0401
71981144080080,8,7,56,51,440,800,0x0401
71986407634463,8,7,57,44,76,344,0x0401
71986419924727,8,7,57,44,199,247,0x0401
77596736402970,8,23,32,47,364,29,0x0301
77596736424754,8,23,32,47,364,247,0x0301
77596843892525,8,23,32,48,438,925,0x0401
77597055617819,8,23,32,50,556,178,0x0301
77597065042717,8,23,32,50,650,427,0x0102
77599907354500,8,23,33,19,73,545,0x0401
77599919270105,8,23,33,19,192,701,0x0401
77617179447041,8,23,36,11,794,470,0x0401
78282232213008,9,1,27,2,322,130,0x0103
78282241638942,9,1,27,2,416,389,0x0102
78297688909588,9,1,29,36,889,95,0x0301
78297688920132,9,1,29,36,889,201,0x0301
78297789205715,9,1,29,37,892,57,0x0401
78298191550394,9,1,29,41,915,503,0x0101
78298200976288,9,1,29,42,9,762,0x0102
78302010689057,9,1,30,20,106,890,0x0401
78302022569308,9,1,30,20,225,693,0x0401
78308448386109,9,1,31,24,483,861,0x0401
78312799890451,9,1,32,7,998,904,0x0401
78312812753201,9,1,32,8,127,532,0x0401
134209232726766,15,12,48,12,327,267,0x0301
134209232732857,15,12,48,12,327,328,0x0301
134209232741452,15,12,48,12,327,414,0x0301
134209233455377,15,12,48,12,334,553,0x0401
224352075361158,25,23,12,0,753,611,0x0301
224352084787027,25,23,12,0,847,870,0x0102
224356532912770,25,23,12,45,329,127,0x0401
224356544818165,25,23,12,45,448,181,0x0401
224361969960146,25,23,13,39,699,601,0x0301
224361969978423,25,23,13,39,699,784,0x0301
224362071509098,25,23,13,40,715,90,0x0401
224362071515835,25,23,13,40,715,158,0x0301
224362080941763,25,23,13,40,809,417,0x0102
224366636182420,25,23,14,26,361,824,0x0401
224366648071196,25,23,14,26,480,711,0x0401
224373340212490,25,23,15,33,402,124,0x0401
224398786714600,25,23,19,47,867,146,0x0401
224398798829888,25,23,19,47,988,298,0x0401
227168978523461,26,7,1,29,785,234,0x0301
227168978529564,26,7,1,29,785,295,0x0301
227168978537355,26,7,1,29,785,373,0x0301
227168980432195,26,7,1,29,804,321,0x0401
227188909433920,26,7,4,49,94,339,0x0301
227188918859773,26,7,4,49,188,597,0x0102
227193413441216,26,7,5,34,134,412,0x0401
227193425386402,26,7,5,34,253,864,0x0401
227263133788266,26,7,17,11,337,882,0x0401
227282436939478,26,7,20,24,369,394,0x0301
227282436956878,26,7,20,24,369,568,0x0301
227282538690882,26,7,20,25,386,908,0x0401
227282538699424,26,7,20,25,386,994,0x0301
227282779674592,26,7,20,27,796,745,0x0301
227282939631365,26,7,20,29,396,313,0x0101
227282949057250,26,7,20,29,490,572,0x0102
227287428085285,26,7,21,14,280,852,0x0401
227287439966182,26,7,21,14,399,661,0x0401
227327575131410,26,7,27,55,751,314,0x0301
227327575145965,26,7,27,55,751,459,0x0301
227327577292132,26,7,27,55,772,921,0x0401
227347337647063,26,7,31,13,376,470,0x0301
227347665688697,26,7,31,16,656,886,0x0301
227347675114560,26,7,31,16,751,145,0x0102
227352178561499,26,7,32,1,785,614,0x0401
227352190453189,26,7,32,1,904,531,0x0401
234029138810719,27,2,4,51,388,107,0x0301
234029138816826,27,2,4,51,388,168,0x0301
234029140438283,27,2,4,51,404,382,0x0401
234035852485711,27,2,5,58,524,857,0x0301
234035861911550,27,2,5,58,619,115,0x0102
234040164310797,27,2,6,41,643,107,0x0401
234040176173657,27,2,6,41,761,736,0x0401
234044798532561,27,2,7,27,985,325,0x0401
234045407169451,27,2,7,34,71,694,0x0401
234045419090997,27,2,7,34,190,909,0x0401
234052386010127,27,2,8,43,860,101,0x0401
234053499701138,27,2,8,54,997,11,0x0401
234053511874783,27,2,8,55,118,747,0x0401
234055474782093,27,2,9,14,747,820,0x0301
234055474796481,27,2,9,14,747,964,0x0301
234055476225547,27,2,9,14,762,255,0x0401
234082575347566,27,2,13,45,753,475,0x0301
234082899468198,27,2,13,48,994,681,0x0301
234082908894051,27,2,13,49,88,940,0x0102
234087419963630,27,2,14,34,199,636,0x0401
234087431822693,27,2,14,34,318,226,0x0401
234097370423277,27,2,16,13,704,232,0x0401
234111071297018,27,2,18,30,712,970,0x0401
234111083757693,27,2,18,30,837,576,0x0401
234125766629093,27,2,20,57,666,290,0x0401
234126374225348,27,2,21,3,742,253,0x0401
234126386045054,27,2,21,3,860,450,0x0401
234127457476172,27,2,21,14,574,761,0x0301
234127457495097,27,2,21,14,574,950,0x0301
234127569008059,27,2,21,15,690,80,0x0401
234127973008516,27,2,21,19,730,85,0x0102
234132506584265,27,2,22,5,65,842,0x0401
234132518469319,27,2,22,5,184,693,0x0401
235016460140514,27,4,49,24,601,405,0x0401
235040625629249,27,4,53,26,256,292,0x0401
235040638224588,27,4,53,26,382,245,0x0401
235066900514806,27,4,57,49,5,148,0x0301
235067000729879,27,4,57,50,7,298,0x0401
235081746595679,27,5,0,17,465,956,0x0401
235081753869192,27,5,0,17,538,691,0x0401
235081765733823,27,5,0,17,657,338,0x0401
235084470374047,27,5,0,44,703,740,0x0301
235084470803786,27,5,0,44,708,37,0x0401
235086285463362,27,5,1,2,854,633,0x0401
235086292747509,27,5,1,2,927,475,0x0401
235086304684792,27,5,1,3,46,847,0x0401
235087974823476,27,5,1,19,748,234,0x0301
235087976290900,27,5,1,19,762,909,0x0401
235121027962322,27,5,6,50,279,623,0x0103
235121037388525,27,5,6,50,373,885,0x0102
235123332103295,27,5,7,13,321,32,0x0301
235123332120660,27,5,7,13,321,206,0x0301
235123432369473,27,5,7,14,323,694,0x0401
235123441795695,27,5,7,14,417,956,0x0102
235127962462850,27,5,7,59,624,628,0x0401
235127974421706,27,5,7,59,744,217,0x0401
235134887707749,27,5,9,8,877,77,0x0401
235202291148629,27,5,20,22,911,486,0x0401
235202303414452,27,5,20,23,34,144,0x0401
235223993523609,27,5,23,59,935,236,0x0401
235300286413231,27,5,36,42,864,132,0x0401
235300298833890,27,5,36,42,988,338,0x0401
235349260384157,27,5,44,52,603,841,0x0301
235349362358979,27,5,44,53,623,589,0x0401
235354466036123,27,5,45,44,660,361,0x0401
235354473350808,27,5,45,44,733,508,0x0401
235354485270108,27,5,45,44,852,701,0x0401
235356742452521,27,5,46,7,424,525,0x0301
235356744540564,27,5,46,7,445,405,0x0401
235371544024072,27,5,48,35,440,240,0x0103
235371553450278,27,5,48,35,534,502,0x0102
235376254360635,27,5,49,22,543,606,0x0301
235376254378117,27,5,49,22,543,781,0x0301
235376357447034,27,5,49,23,574,470,0x0401
235376366873273,27,5,49,23,668,732,0x0102
235380837199800,27,5,50,8,371,998,0x0401
235380849115093,27,5,50,8,491,150,0x0401
235401092245228,27,5,53,30,922,452,0x0301
235401192563423,27,5,53,31,925,634,0x0401
235412836935049,27,5,55,28,369,350,0x0103
235412846361257,27,5,55,28,463,612,0x0102
235417233722216,27,5,56,12,337,222,0x0401
235417245601229,27,5,56,12,456,12,0x0401
235423947011966,27,5,57,19,470,119,0x0401
235425111111454,27,5,57,31,111,114,0x0401
235425123394289,27,5,57,31,233,942,0x0401
235448481700119,27,6,1,24,817,1,0x0401
235450907473943,27,6,1,49,74,739,0x0103
235450916900126,27,6,1,49,169,1,0x0102
235453673553188,27,6,2,16,735,531,0x0103
235453682980037,27,6,2,16,829,800,0x0102
235457120373853,27,6,2,51,203,738,0x0401
235457132592103,27,6,2,51,325,921,0x0401
235500739314398,27,6,10,7,393,143,0x0401
235567555543537,27,6,21,15,555,435,0x0401
235567567647058,27,6,21,15,676,470,0x0401
235596545711858,27,6,26,5,457,118,0x0401
235601541994812,27,6,26,55,419,948,0x0401
235601554048365,27,6,26,55,540,483,0x0401
235636048278178,27,6,32,40,482,781,0x0401
235650151683731,27,6,35,1,516,837,0x0103
235650161109910,27,6,35,1,611,99,0x0102
235842403481822,27,7,7,4,34,818,0x0401
235842415839241,27,7,7,4,158,392,0x0401
235845389417112,27,7,7,33,894,171,0x0101
235845398843295,27,7,7,33,988,432,0x0102
235845404783536,27,7,7,34,47,835,0x0101
235845414209745,27,7,7,34,142,97,0x0102
235845420183589,27,7,7,34,201,835,0x0101
235845429609817,27,7,7,34,296,98,0x0102
235845435609686,27,7,7,34,356,96,0x0101
235845445035909,27,7,7,34,450,359,0x0102
235849826837659,27,7,8,18,268,376,0x0401
235849838681296,27,7,8,18,386,812,0x0401
235854502367853,27,7,9,5,23,678,0x0401
235855109989878,27,7,9,11,99,898,0x0401
235855121872685,27,7,9,11,218,726,0x0401
235859762258842,27,7,9,57,622,588,0x0401
235860369802142,27,7,10,3,698,21,0x0401
235860381728113,27,7,10,3,817,281,0x0401
235864910810275,27,7,10,49,108,102,0x0401
235865518589247,27,7,10,55,185,892,0x0401
235865530489925,27,7,10,55,304,899,0x0401
235867960270972,27,7,11,19,602,709,0x0401
235870606516065,27,7,11,46,65,160,0x0401
235870628537415,27,7,11,46,285,374,0x0401
235871176080965,27,7,11,51,760,809,0x0401
235874262368914,27,7,12,22,623,689,0x0401
235874284372130,27,7,12,22,843,721,0x0401
235875424338172,27,7,12,34,243,381,0x0401
235880171769073,27,7,13,21,717,690,0x0401
235880183688171,27,7,13,21,836,881,0x0401
235882821236819,27,7,13,48,212,368,0x0401
235884380261625,27,7,14,3,802,616,0x0401
235884404884413,27,7,14,4,48,844,0x0401
235886601739365,27,7,14,26,17,393,0x0401
235886679194603,27,7,14,26,791,946,0x0401
235886703948593,27,7,14,27,39,485,0x0401
235886943809128,27,7,14,29,438,91,0x0401
235887529712126,27,7,14,35,297,121,0x0301
235887529728881,27,7,14,35,297,288,0x0301
235887630818461,27,7,14,36,308,184,0x0401
235887640244698,27,7,14,36,402,446,0x0102
235892211069878,27,7,15,22,110,698,0x0401
235892222977757,27,7,15,22,229,777,0x0401
235900131282272,27,7,16,41,312,822,0x0401
235902409010794,27,7,17,4,90,107,0x0103
235902418436704,27,7,17,4,184,367,0x0102
235911245060987,27,7,18,32,450,609,0x0401
235911257117056,27,7,18,32,571,170,0x0401
235955913074250,27,7,25,59,130,742,0x0401
235961534795123,27,7,26,55,347,951,0x0401
235961547287062,27,7,26,55,472,870,0x0401
235975914349220,27,7,29,19,143,492,0x0401
235986437341876,27,7,31,4,373,418,0x0103
235986446768736,27,7,31,4,467,687,0x0102
235999989829139,27,7,33,19,898,291,0x0401
236000002043335,27,7,33,20,20,433,0x0401
241768742950050,27,23,34,47,429,500,0x0401
241770118295431,27,23,35,1,182,954,0x0103
241770127721335,27,23,35,1,277,213,0x0102
241771359979447,27,23,35,13,599,794,0x0401
241771383609248,27,23,35,13,836,92,0x0401
241832289959147,27,23,45,22,899,591,0x0401
241832918034189,27,23,45,29,180,341,0x0401
241832930195228,27,23,45,29,301,952,0x0401
241852191246979,27,23,48,41,912,469,0x0401
241978674655969,28,0,9,46,746,559,0x0401
241978686845091,28,0,9,46,868,450,0x0401
241985900102452,28,0,10,59,1,24,0x0401
242024243497511,28,0,17,22,434,975,0x0401
242024256099884,28,0,17,22,560,998,0x0401
242047504199318,28,0,21,15,41,993,0x0401
242091158971168,28,0,28,31,589,711,0x0301
242091158989253,28,0,28,31,589,892,0x0301
242091259584168,28,0,28,32,595,841,0x0401
242091674445505,28,0,28,36,744,455,0x0102
242096235853605,28,0,29,22,358,536,0x0401
242096247712395,28,0,29,22,477,123,0x0401
242103005758041,28,0,30,30,57,580,0x0401
242165786072561,28,0,40,57,860,725,0x0301
242165786083240,28,0,40,57,860,832,0x0301
242165886929806,28,0,40,58,869,298,0x0401
242165896355705,28,0,40,58,963,557,0x0102
242169674227616,28,0,41,36,742,276,0x0401
242169686142263,28,0,41,36,861,422,0x0401
242176047112718,28,0,42,40,471,127,0x0401
242199517524925,28,0,46,35,175,249,0x0401
242199529702943,28,0,46,35,297,29,0x0401
242206581172167,28,0,47,45,811,721,0x0301
242206581193916,28,0,47,45,811,939,0x0301
242206681321789,28,0,47,46,813,217,0x0401
242206681316360,28,0,47,46,813,163,0x0301
242206690747731,28,0,47,46,907,477,0x0102
242211242362489,28,0,48,32,423,624,0x0401
242211254303735,28,0,48,32,543,37,0x0401
242217736558949,28,0,49,37,365,589,0x0401
242221631366498,28,0,50,16,313,664,0x0401
242221643487989,28,0,50,16,434,879,0x0401
242254138891728,28,0,55,41,388,917,0x0401
242264678834246,28,0,57,26,788,342,0x0401
242264691141079,28,0,57,26,911,410,0x0401
242272140052704,28,0,58,41,400,527,0x0401
242307448304338,28,1,4,34,483,43,0x0401
242307461016085,28,1,4,34,610,160,0x0401
242313742785781,28,1,5,37,427,857,0x0401
242316708736439,28,1,6,7,87,364,0x0401
242316721515452,28,1,6,7,215,154,0x0401
242328417925516,28,1,8,4,179,255,0x0301
242328417944812,28,1,8,4,179,448,0x0301
242328518127364,28,1,8,5,181,273,0x0401
242328527553253,28,1,8,5,275,532,0x0102
242333070280410,28,1,8,50,702,804,0x0401
242333082263739,28,1,8,50,822,637,0x0401
242422609921043,28,1,23,46,99,210,0x0401
242440171233257,28,1,26,41,712,332,0x0401
242440183806026,28,1,26,41,838,60,0x0401
243432576714681,28,4,12,5,767,146,0x0401
243435311685453,28,4,12,33,116,854,0x0401
243435323907634,28,4,12,33,239,76,0x0401
243449277846493,28,4,14,52,778,464,0x0401
243452776814684,28,4,15,27,768,146,0x0401
243452789058504,28,4,15,27,890,585,0x0401
244631856254480,28,7,31,58,562,544,0x0401
244635071962640,28,7,32,30,719,626,0x0103
244635081388849,28,7,32,30,813,888,0x0102
244645979057452,28,7,34,19,790,574,0x0401
244645991097817,28,7,34,19,910,978,0x0401
244666152414700,28,7,37,41,524,147,0x0401
244668455229999,28,7,38,4,552,299,0x0401
244668467571209,28,7,38,4,675,712,0x0401
244795655978045,28,7,59,16,559,780,0x0301
244795759897466,28,7,59,17,598,974,0x0401
244806960375426,28,8,1,9,603,754,0x0401
244806967641985,28,8,1,9,676,419,0x0401
244806979597559,28,8,1,9,795,975,0x0401
244808846698401,28,8,1,28,466,984,0x0301
244808848388526,28,8,1,28,483,885,0x0401
244822665524724,28,8,3,46,655,247,0x0301
244822665541917,28,8,3,46,655,419,0x0301
244823181018429,28,8,3,51,810,184,0x0102
244826251398691,28,8,4,22,513,986,0x0401
244826263300727,28,8,4,22,633,7,0x0401
244833041923782,28,8,5,30,419,237,0x0401
244848726797646,28,8,8,7,267,976,0x0401
244848739013200,28,8,8,7,390,132,0x0401
250043287707726,28,22,33,52,877,77,0x0401
250051433632253,28,22,35,14,336,322,0x0401
250051445746421,28,22,35,14,457,464,0x0401
250060788896628,28,22,36,47,888,966,0x0401
250066076203885,28,22,37,40,762,38,0x0301
250066076221294,28,22,37,40,762,212,0x0301
250066176838282,28,22,37,41,768,382,0x0401
250066402442266,28,22,37,44,24,422,0x0301
250066591739916,28,22,37,45,917,399,0x0102
250070853722218,28,22,38,28,537,222,0x0401
250070865637210,28,22,38,28,656,372,0x0401
250111904053854,28,22,45,19,40,538,0x0401
250129517114345,28,22,48,15,171,143,0x0401
250129529034249,28,22,48,15,290,342,0x0401
250130215545474,28,22,48,22,155,454,0x0301
250130215560702,28,22,48,22,155,607,0x0301
250130218327551,28,22,48,22,183,275,0x0401
250131192099357,28,22,48,31,920,993,0x0301
250131201525562,28,22,48,32,15,255,0x0102
250135682146648,28,22,49,16,821,466,0x0401
250135694110892,28,22,49,16,941,108,0x0401
253744360461737,29,8,50,43,604,617,0x0401
255653470491933,29,14,8,54,704,919,0x0401
255653482660373,29,14,8,54,826,603,0x0401
255659784586454,29,14,9,57,845,864,0x0401
255683288218334,29,14,13,52,882,183,0x0401
255683300397737,29,14,13,53,3,977,0x0401
255702300337897,29,14,17,3,3,378,0x0401
255703070056877,29,14,17,10,700,568,0x0401
255703081954157,29,14,17,10,819,541,0x0401
255703962787243,29,14,17,19,627,872,0x0301
255703962806838,29,14,17,19,628,68,0x0301
255704065482243,29,14,17,20,654,822,0x0401
255704269665330,29,14,17,22,696,653,0x0301
255704468816040,29,14,17,24,688,160,0x0102
255708835878488,29,14,18,8,358,784,0x0401
255708847759445,29,14,18,8,477,594,0x0401
255785072996690,29,14,30,50,729,966,0x0401
255789115504421,29,14,31,31,155,44,0x0401
255789128373369,29,14,31,31,283,733,0x0401
255798218637072,29,14,33,2,186,370,0x0301
255798218656243,29,14,33,2,186,562,0x0301
255798320613646,29,14,33,3,206,136,0x0401
255798734210654,29,14,33,7,342,106,0x0102
255803076148119,29,14,33,50,761,481,0x0401
255803088061182,29,14,33,50,880,611,0x0401
255826665482168,29,14,37,46,654,821,0x0401
255831454099878,29,14,38,34,540,998,0x0401
255831466404276,29,14,38,34,664,42,0x0401
255839766235181,29,14,39,57,662,351,0x0401
255848997606252,29,14,41,29,976,62,0x0401
255849009887045,29,14,41,30,98,870,0x0401
255872668361118,29,14,45,26,683,611,0x0401
255879174616829,29,14,46,31,746,168,0x0401
255879186931945,29,14,46,31,869,319,0x0401
255910970856670,29,14,51,49,708,566,0x0401
255917608493750,29,14,52,56,84,937,0x0401
255917620810274,29,14,52,56,208,102,0x0401
255957073785046,29,14,59,30,737,850,0x0401
255981120695635,29,15,3,31,206,956,0x0401
255981132972312,29,15,3,31,329,723,0x0401
256023077981593,29,15,10,30,779,815,0x0401
256034832059562,29,15,12,28,320,595,0x0401
256034844588634,29,15,12,28,445,886,0x0401
256041579185894,29,15,13,35,791,858,0x0401
256085708597567,29,15,20,57,85,975,0x0301
256085708615506,29,15,20,57,86,155,0x0301
256085808750071,29,15,20,58,87,500,0x0401
256086214682233,29,15,21,2,146,822,0x0101
256086224108469,29,15,21,2,241,84,0x0102
256089057038717,29,15,21,30,570,387,0x0401
256089068878877,29,15,21,30,688,788,0x0401
256091110293578,29,15,21,51,102,935,0x0301
256091211580019,29,15,21,52,115,800,0x0401
256094036711886,29,15,22,20,367,118,0x0401
256094036855752,29,15,22,20,368,557,0x0301
256094136905315,29,15,22,21,369,53,0x0401
256205313067157,29,15,40,53,130,671,0x0301
256205313085975,29,15,40,53,130,859,0x0301
256205819277135,29,15,40,58,192,771,0x0101
256205828703370,29,15,40,58,287,33,0x0102
256205973741784,29,15,40,59,737,417,0x0301
256206073888570,29,15,41,0,738,885,0x0401
256209866223915,29,15,41,38,662,239,0x0401
256209866366619,29,15,41,38,663,666,0x0301
256209966997222,29,15,41,39,669,972,0x0401
256214079048003,29,15,42,20,790,480,0x0301
256214079066606,29,15,42,20,790,666,0x0301
256214585296657,29,15,42,25,852,966,0x0101
256214594722902,29,15,42,25,947,229,0x0102
256214739620447,29,15,42,27,396,204,0x0301
256214840112796,29,15,42,28,401,127,0x0401
256219178057612,29,15,43,11,780,576,0x0401
256219178201286,29,15,43,11,782,12,0x0301
256219279747050,29,15,43,12,797,470,0x0401
256221929522956,29,15,43,39,295,229,0x0401
256221929667906,29,15,43,39,296,679,0x0301
256222033851992,29,15,43,40,338,519,0x0401
256226675490343,29,15,44,26,754,903,0x0301
256226675507944,29,15,44,26,755,79,0x0301
256227190979270,29,15,44,31,909,792,0x0102
256231673501474,29,15,45,16,735,14,0x0401
256231685389673,29,15,45,16,853,896,0x0401
256236451821399,29,15,46,4,518,213,0x0401
256237070432030,29,15,46,10,704,320,0x0401
256237082346623,29,15,46,10,823,466,0x0401
256238147459286,29,15,46,21,474,592,0x0301
256238147479069,29,15,46,21,474,790,0x0301
256238250432923,29,15,46,22,504,329,0x0401
256238662972079,29,15,46,26,629,720,0x0102
256243218018420,29,15,47,12,180,184,0x0401
256243229946000,29,15,47,12,299,460,0x0401
256247855763990,29,15,47,58,557,639,0x0401
256248463738616,29,15,48,4,637,386,0x0401
256248475638526,29,15,48,4,756,385,0x0401
256253128270800,29,15,48,51,282,708,0x0401
256253736936350,29,15,48,57,369,363,0x0401
256253748846542,29,15,48,57,488,465,0x0401
256254152746651,29,15,49,1,527,466,0x0301
256254253098322,29,15,49,2,530,983,0x0401
256353165307879,29,16,5,31,653,78,0x0301
256353165326957,29,16,5,31,653,269,0x0301
256353671494317,29,16,5,36,714,943,0x0101
256353680920552,29,16,5,36,809,205,0x0102
256353825785711,29,16,5,38,257,857,0x0301
256353926655390,29,16,5,39,266,553,0x0401
256358223160513,29,16,6,22,231,605,0x0401
256358223303035,29,16,6,22,233,30,0x0301
256358324173962,29,16,6,23,241,739,0x0401
256361023440407,29,16,6,50,234,404,0x0401
256361023583391,29,16,6,50,235,833,0x0301
256361128532851,29,16,6,51,285,328,0x0401
256361192204433,29,16,6,51,922,44,0x0401
256361192349731,29,16,6,51,923,497,0x0301
256361293197282,29,16,6,52,931,972,0x0401
256361360296092,29,16,6,53,602,960,0x0401
256361360446876,29,16,6,53,604,468,0x0301
256361460599783,29,16,6,54,605,997,0x0401
256361520733330,29,16,6,55,207,333,0x0401
256361520880246,29,16,6,55,208,802,0x0301
256361623183866,29,16,6,56,231,838,0x0401
256361681183852,29,16,6,56,811,838,0x0401
256361782527711,29,16,6,57,825,277,0x0401
256361841458890,29,16,6,58,414,588,0x0401
256361841601963,29,16,6,58,416,19,0x0301
256361942951419,29,16,6,59,429,514,0x0401
256362021071999,29,16,7,0,210,719,0x0401
256362021223585,29,16,7,0,212,235,0x0301
256362121494282,29,16,7,1,214,942,0x0401
256362181669732,29,16,7,1,816,697,0x0401
256362281938100,29,16,7,2,819,381,0x0401
256362342016122,29,16,7,3,420,161,0x0401
256362442201983,29,16,7,4,422,19,0x0401
256362502274863,29,16,7,5,22,748,0x0401
256362502418620,29,16,7,5,24,186,0x0301
256362602805921,29,16,7,6,28,59,0x0401
256362662741626,29,16,7,6,627,416,0x0401
256362662886943,29,16,7,6,628,869,0x0301
256362765009791,29,16,7,7,650,97,0x0401
256365388964880,29,16,7,33,889,648,0x0401
256365396286177,29,16,7,33,962,861,0x0401
256365408153222,29,16,7,34,81,532,0x0401
256366229340977,29,16,7,42,293,409,0x0301
256366229351539,29,16,7,42,293,515,0x0301
256366329688972,29,16,7,43,296,889,0x0401
256366732231392,29,16,7,47,322,313,0x0102
256371173513123,29,16,8,31,735,131,0x0401
256371185371441,29,16,8,31,853,714,0x0401
256375817246094,29,16,9,18,172,460,0x0401
256376424885800,29,16,9,24,248,858,0x0401
256376436768776,29,16,9,24,367,687,0x0401
256395631363721,29,16,12,36,313,637,0x0401
256415227026753,29,16,15,52,270,267,0x0401
256415239268961,29,16,15,52,392,689,0x0401
256439934117846,29,16,19,59,341,178,0x0401
256469869077665,29,16,24,58,690,776,0x0401
256469881382036,29,16,24,58,813,820,0x0401
288638957114391,33,9,46,29,571,143,0x0401
288646870677460,33,9,47,48,706,774,0x0301
288646870688014,33,9,47,48,706,880,0x0301
288646971515292,33,9,47,49,715,152,0x0401
288646971522453,33,9,47,49,715,224,0x0301
288647376788337,33,9,47,53,767,883,0x0101
288647386214563,33,9,47,53,862,145,0x0102
288663250277929,33,9,50,32,502,779,0x0301
288663250295644,33,9,50,32,502,956,0x0301
288663351369229,33,9,50,33,513,692,0x0401
288663752927409,33,9,50,37,529,274,0x0101
288663762353615,33,9,50,37,623,536,0x0102
288880852303001,33,10,26,48,523,30,0x0301
288880852320170,33,10,26,48,523,201,0x0301
288880952618034,33,10,26,49,526,180,0x0401
288881354958021,33,10,26,53,549,580,0x0101
288881364384247,33,10,26,53,643,842,0x0102
288881509173941,33,10,26,55,91,739,0x0301
288881609945857,33,10,26,56,99,458,0x0401
289125282750804,33,11,7,32,827,508,0x0301
289125282762408,33,11,7,32,827,624,0x0301
289125785364467,33,11,7,37,853,644,0x0101
289125794790720,33,11,7,37,947,907,0x0102
289125939840321,33,11,7,39,398,403,0x0301
289126040993277,33,11,7,40,409,932,0x0401
289160800332640,33,11,13,28,3,326,0x0301
289160800351038,33,11,13,28,3,510,0x0301
289161306521933,33,11,13,33,65,219,0x0101
289161315948178,33,11,13,33,159,481,0x0102
289161460804846,33,11,13,34,608,48,0x0301
289161561517903,33,11,13,35,615,179,0x0401
289165846254518,33,11,14,18,462,545,0x0401
289165846402328,33,11,14,18,464,23,0x0301
289165947057462,33,11,14,19,470,574,0x0401
289170971314531,33,11,15,9,713,145,0x0301
289170971332997,33,11,15,9,713,329,0x0301
289171477544767,33,11,15,14,775,447,0x0101
289171486970990,33,11,15,14,869,709,0x0102
289176004817133,33,11,16,0,48,171,0x0401
289176016721594,33,11,16,0,167,215,0x0401
298931444975274,34,14,21,54,449,752,0x0401
298941177342429,34,14,23,31,773,424,0x0301
298941177359894,34,14,23,31,773,598,0x0301
298941183912945,34,14,23,31,839,129,0x0301
298941185865745,34,14,23,31,858,657,0x0401
298941195291935,34,14,23,31,952,919,0x0102
298944972919592,34,14,24,9,729,195,0x0401
298944984797805,34,14,24,9,847,978,0x0401
298951468991292,34,14,25,14,689,912,0x0401
298954804843693,34,14,25,48,48,436,0x0301
298954804861202,34,14,25,48,48,612,0x0301
298954906211082,34,14,25,49,62,110,0x0401
298955310982012,34,14,25,53,109,820,0x0101
298955320408186,34,14,25,53,204,81,0x0102
298958372027622,34,14,26,23,720,276,0x0401
298958383989755,34,14,26,23,839,897,0x0401
298964824723197,34,14,27,28,247,231,0x0401
298966004112998,34,14,27,40,41,129,0x0401
298966016309082,34,14,27,40,163,90,0x0401
298987426049891,34,14,31,14,260,498,0x0401
298988808882569,34,14,31,28,88,825,0x0301
298988808893122,34,14,31,28,88,931,0x0301
298988909281044,34,14,31,29,92,810,0x0401
298989121546112,34,14,31,31,215,461,0x0301
298989324482716,34,14,31,33,244,827,0x0102
299016095605923,34,14,36,0,956,59,0x0401
299016107551802,34,14,36,1,75,518,0x0401
299019437968531,34,14,36,34,379,685,0x0401
299020046114173,34,14,36,40,461,141,0x0401
299020058037083,34,14,36,40,580,370,0x0401
299131656374445,34,14,55,16,563,744,0x0301
299131656393436,34,14,55,16,563,934,0x0301
299131756685697,34,14,55,17,566,856,0x0401
299132162494544,34,14,55,21,624,945,0x0102
299139254538798,34,14,56,32,545,387,0x0401
299139266420706,34,14,56,32,664,207,0x0401
299233174067914,34,15,12,11,740,679,0x0401
299247498168254,34,15,14,34,981,682,0x0401
299247510054919,34,15,14,35,100,549,0x0401
299253878081578,34,15,15,38,780,815,0x0401
299261993349306,34,15,16,59,933,493,0x0401
299262005223682,34,15,17,0,52,236,0x0401
299268426815836,34,15,18,4,268,158,0x0401
299273922456259,34,15,18,59,224,562,0x0401
299273934370715,34,15,18,59,343,707,0x0401
299287123073848,34,15,21,11,230,738,0x0301
299287123093135,34,15,21,11,230,931,0x0301
299287224707102,34,15,21,12,247,71,0x0401
299287629135722,34,15,21,16,291,357,0x0101
299287638561944,34,15,21,16,385,619,0x0102
299290704417548,34,15,21,47,44,175,0x0401
299290716274917,34,15,21,47,162,749,0x0401
299305170230007,34,15,24,11,702,300,0x0301
299305170249130,34,15,24,11,702,491,0x0301
299305271840542,34,15,24,12,718,405,0x0401
299305685767897,34,15,24,16,857,678,0x0102
299308712811292,34,15,24,47,128,112,0x0401
299308724708543,34,15,24,47,247,85,0x0401
299315186294051,34,15,25,51,862,940,0x0401
299338484462643,34,15,29,44,844,626,0x0301
299338484473194,34,15,29,44,844,731,0x0301
299338584700636,34,15,29,45,847,6,0x0401
299339000064729,34,15,29,50,0,647,0x0102
299342042680100,34,15,30,20,426,801,0x0401
299342054505920,34,15,30,20,545,59,0x0401
299433220961576,34,15,45,32,209,615,0x0301
299433323431875,34,15,45,33,234,318,0x0401
299434978592582,34,15,45,49,785,925,0x0401
299434985887816,34,15,45,49,858,878,0x0401
299434997783881,34,15,45,49,977,838,0x0401
299436269735878,34,15,46,2,697,358,0x0301
299436370026963,34,15,46,3,700,269,0x0401
299437117375851,34,15,46,11,173,758,0x0401
299437124657925,34,15,46,11,246,579,0x0401
299437136472219,34,15,46,11,364,722,0x0401
299438045386111,34,15,46,20,453,861,0x0301
299438146570106,34,15,46,21,465,701,0x0401
299442356804183,34,15,47,3,568,41,0x0401
299442364082703,34,15,47,3,640,827,0x0401
299442376026136,34,15,47,3,760,261,0x0401
299443000574058,34,15,47,10,5,740,0x0301
299443001785349,34,15,47,10,17,853,0x0401
299446338152612,34,15,47,43,381,526,0x0301
299446338170115,34,15,47,43,381,701,0x0301
299446835871760,34,15,47,48,358,717,0x0102
299449894643936,34,15,48,18,946,439,0x0401
299449906565472,34,15,48,19,65,654,0x0401
299459150060481,34,15,49,51,500,604,0x0401
299460348136737,34,15,50,3,481,367,0x0301
299460348154763,34,15,50,3,481,547,0x0301
299460448328553,34,15,50,4,483,285,0x0401
299460854221041,34,15,50,8,542,210,0x0101
299460863647235,34,15,50,8,636,472,0x0102
299463948800287,34,15,50,39,488,2,0x0401
299463960621603,34,15,50,39,606,216,0x0401
299470320623767,34,15,51,43,206,237,0x0401
299504807066490,34,15,57,28,70,664,0x0401
299504818935847,34,15,57,28,189,358,0x0401
299512097961180,34,15,58,40,979,611,0x0301
299512097980909,34,15,58,40,979,809,0x0301
299512198839408,34,15,58,41,988,394,0x0401
299512604034083,34,15,58,46,40,340,0x0101
299512613460269,34,15,58,46,134,602,0x0102
299515696320076,34,15,59,16,963,200,0x0401
299515708180420,34,15,59,17,81,804,0x0401
305950375090722,35,9,51,43,750,907,0x0401
305966772008898,35,9,54,27,720,88,0x0101
305966781435067,35,9,54,27,814,350,0x0102
305969621210738,35,9,54,56,212,107,0x0401
305969633116918,35,9,54,56,331,169,0x0401
305976005054407,35,9,56,0,50,544,0x0401
305977329336589,35,9,56,13,293,365,0x0401
305977341604905,35,9,56,13,416,49,0x0401
306246322560390,35,10,41,3,225,603,0x0401
306304179455337,35,10,50,41,794,553,0x0401
306304191698417,35,10,50,41,916,984,0x0401
306311026786798,35,10,51,50,267,867,0x0401
306398827923403,35,11,6,28,279,234,0x0301
306398827933958,35,11,6,28,279,339,0x0301
306398928520464,35,11,6,29,285,204,0x0401
306399333978590,35,11,6,33,339,785,0x0101
306399343405510,35,11,6,33,434,55,0x0102
306402397295783,35,11,7,3,972,957,0x0401
306402409143390,35,11,7,4,91,433,0x0401
306848278868263,35,12,21,22,788,682,0x0401
306873186156172,35,12,25,31,861,561,0x0301
306873186173875,35,12,25,31,861,738,0x0301
306873286930283,35,12,25,32,869,302,0x0401
306873692285468,35,12,25,36,922,854,0x0101
306873701711354,35,12,25,37,17,113,0x0102
306876809529080,35,12,26,8,95,290,0x0401
306876821438514,35,12,26,8,214,385,0x0401
306883453947988,35,12,27,14,539,479,0x0401
306889584912326,35,12,28,15,849,123,0x0301
306889584922880,35,12,28,15,849,228,0x0301
306889685209144,35,12,28,16,852,91,0x0401
306890100434033,35,12,28,21,4,340,0x0102
306893160158638,35,12,28,51,601,586,0x0401
306893172062425,35,12,28,51,720,624,0x0401
306899898829434,35,12,29,58,988,294,0x0401
306913441145686,35,12,32,14,411,456,0x0301
306913441156390,35,12,32,14,411,563,0x0301
306913541282514,35,12,32,15,412,825,0x0401
306913947216900,35,12,32,19,472,169,0x0101
306913956643820,35,12,32,19,566,438,0x0102
306917014000054,35,12,32,50,140,0,0x0401
306917025875127,35,12,32,50,258,751,0x0401
306923665669397,35,12,33,56,656,693,0x0401
306975745952330,35,12,42,37,459,523,0x0301
306975745970028,35,12,42,37,459,700,0x0301
306975846259275,35,12,42,38,462,592,0x0401
306976261503535,35,12,42,42,615,35,0x0102
306979367082032,35,12,43,13,670,820,0x0401
306979378975538,35,12,43,13,789,755,0x0401
306986085461298,35,12,44,20,854,612,0x0401
307017614217184,35,12,49,36,142,171,0x0301
307017614235100,35,12,49,36,142,351,0x0301
307017714523798,35,12,49,37,145,237,0x0401
307018120295855,35,12,49,41,202,958,0x0101
307018129721761,35,12,49,41,297,217,0x0102
307021187179131,35,12,50,11,871,791,0x0401
307021199011215,35,12,50,11,990,112,0x0401
307027637347285,35,12,51,16,373,472,0x0401
307032563738910,35,12,52,5,637,389,0x0301
307032563756034,35,12,52,5,637,560,0x0301
307032663867526,35,12,52,6,638,675,0x0401
307033079275650,35,12,52,10,792,756,0x0102
307036193075135,35,12,52,41,930,751,0x0401
307036204959422,35,12,52,42,49,594,0x0401
307165034045227,35,13,14,10,340,452,0x0401
307165688301704,35,13,14,16,883,17,0x0401
307165700599141,35,13,14,17,5,991,0x0401
307177434853991,35,13,16,14,348,539,0x0401
307178953090964,35,13,16,29,530,909,0x0401
307178965215233,35,13,16,29,652,152,0x0401
307193435902949,35,13,18,54,359,29,0x0401
307247723341285,35,13,27,57,233,412,0x0401
307247735677611,35,13,27,57,356,776,0x0401
307283841888272,35,13,33,58,418,882,0x0401
307289273340922,35,13,34,52,733,409,0x0401
307289285601057,35,13,34,52,856,10,0x0401
307295542597328,35,13,35,55,425,973,0x0401
307300795930194,35,13,36,47,959,301,0x0401
307300808294958,35,13,36,48,82,949,0x0401
307313143775756,35,13,38,51,437,757,0x0401
307313699705837,35,13,38,56,997,58,0x0401
307313711559472,35,13,38,57,115,594,0x0401
307321644349584,35,13,40,16,443,495,0x0401
307330925152897,35,13,41,49,251,528,0x0401
307330937242661,35,13,41,49,372,426,0x0401
307350846325092,35,13,45,8,463,250,0x0401
307352475986662,35,13,45,24,759,866,0x0401
307352488146528,35,13,45,24,881,465,0x0401
307374047850074,35,13,49,0,478,500,0x0401
307414187271534,35,13,55,41,872,715,0x0401
307414199532812,35,13,55,41,995,328,0x0401
307433051784152,35,13,58,50,517,841,0x0401
307455961448230,35,14,2,39,614,482,0x0401
307455973673840,35,14,2,39,736,738,0x0401
307725271086104,35,14,47,32,710,861,0x0401
307772710799324,35,14,55,27,107,993,0x0301
307772710816777,35,14,55,27,108,167,0x0301
307772811008798,35,14,55,28,110,87,0x0401
307773226353428,35,14,55,32,263,534,0x0102
307776045767718,35,14,56,0,457,677,0x0103
307776055193904,35,14,56,0,551,939,0x0102
307776677031246,35,14,56,6,770,312,0x0401
307776688907371,35,14,56,6,889,73,0x0401
307783072195078,35,14,57,10,721,950,0x0401
307818599638865,35,15,3,5,996,388,0x0401
307818611839186,35,15,3,6,118,391,0x0401
307921925401233,35,15,20,19,254,12,0x0301
307921925411656,35,15,20,19,254,116,0x0301
307922025880148,35,15,20,20,258,801,0x0401
307922025887300,35,15,20,20,258,873,0x0301
307922431454812,35,15,20,24,314,548,0x0101
307922440881038,35,15,20,24,408,810,0x0102
307925310400801,35,15,20,53,104,8,0x0103
307925319827621,35,15,20,53,198,276,0x0102
307925941226065,35,15,20,59,412,260,0x0401
307925953065199,35,15,20,59,530,651,0x0401
307932313305747,35,15,22,3,133,57,0x0401
307971362838972,35,15,28,33,628,389,0x0401
307971374983277,35,15,28,33,749,832,0x0401
308013418641078,35,15,35,34,186,410,0x0401
308173105404028,35,16,2,11,54,40,0x0401
308173117303934,35,16,2,11,173,39,0x0401
314194824032189,36,8,45,48,240,321,0x0301
314194824053770,36,8,45,48,240,537,0x0301
314194924508348,36,8,45,49,245,83,0x0401
314195330123717,36,8,45,53,301,237,0x0101
314195339550669,36,8,45,53,395,506,0x0102
314198208867538,36,8,46,22,88,675,0x0401
314198220667121,36,8,46,22,206,671,0x0401
314244238121872,36,8,54,2,381,218,0x0301
314244238141039,36,8,54,2,381,410,0x0301
314244338270200,36,8,54,3,382,702,0x0401
314244338265421,36,8,54,3,382,654,0x0301
314244743152971,36,8,54,7,431,529,0x0102
314244898651955,36,8,54,8,986,519,0x0301
314244998796148,36,8,54,9,987,961,0x0401
314247580694700,36,8,54,35,806,947,0x0401
314247580839431,36,8,54,35,808,394,0x0301
314247682605951,36,8,54,36,826,59,0x0401
314253385795620,36,8,55,33,857,956,0x0401
314253385937121,36,8,55,33,859,371,0x0301
314253487045460,36,8,55,34,870,454,0x0401
314253557501165,36,8,55,35,575,11,0x0301
314253557520292,36,8,55,35,575,202,0x0301
314254063714310,36,8,55,40,637,143,0x0101
314254073141283,36,8,55,40,731,412,0x0102
314254218084859,36,8,55,42,180,848,0x0301
314254320256127,36,8,55,43,202,561,0x0401
314257131609337,36,8,56,11,316,93,0x0401
314257131753021,36,8,56,11,317,530,0x0301
314257232923366,36,8,56,12,329,233,0x0401
314264179889254,36,8,57,21,798,892,0x0301
314264179906962,36,8,57,21,799,69,0x0301
314264695392067,36,8,57,26,953,920,0x0102
314267750541713,36,8,57,57,505,417,0x0401
314267762436208,36,8,57,57,624,362,0x0401
314314808674373,36,9,5,48,86,743,0x0401
314324716287191,36,9,7,27,162,871,0x0401
314324728427394,36,9,7,27,284,273,0x0401
339352269395297,39,6,38,42,693,952,0x0401
339850215539067,39,8,1,42,155,390,0x0301
339850215557025,39,8,1,42,155,570,0x0301
339850316231310,39,8,1,43,162,313,0x0401
339850316239158,39,8,1,43,162,391,0x0301
339850731068978,39,8,1,47,310,689,0x0102
339853668123991,39,8,2,16,681,239,0x0401
339853680023601,39,8,2,16,800,236,0x0401
339860123293892,39,8,3,21,232,938,0x0401
339875633141395,39,8,5,56,331,413,0x0401
339875645347522,39,8,5,56,453,475,0x0401
339890725257271,39,8,8,27,252,572,0x0401
340104011103898,39,8,44,0,111,38,0x0401
340104023566268,39,8,44,0,235,662,0x0401
340269250041521,39,9,11,32,500,415,0x0401
340278280214316,39,9,13,2,802,143,0x0401
340278292397821,39,9,13,2,923,978,0x0401
346109835642321,40,1,24,58,356,423,0x0401
348095274804038,40,6,55,52,748,40,0x0401
348095287164443,40,6,55,52,871,644,0x0401
348103765952642,40,6,57,17,659,526,0x0401
348157554713578,40,7,6,15,547,135,0x0401
348157566872159,40,7,6,15,668,721,0x0401
348163869816522,40,7,7,18,698,165,0x0401
348255394941418,40,7,22,33,949,414,0x0401
348255407508786,40,7,22,34,75,87,0x0401
348389884618302,40,7,44,58,846,183,0x0401
348394013228394,40,7,45,40,132,283,0x0401
348394025361105,40,7,45,40,253,611,0x0401
348401985401999,40,7,46,59,854,19,0x0401
348427282634978,40,7,51,12,826,349,0x0401
348427294697942,40,7,51,12,946,979,0x0401
348480790565922,40,8,0,7,905,659,0x0401
348494190063595,40,8,2,21,900,635,0x0101
348494199490518,40,8,2,21,994,905,0x0102
348494344456542,40,8,2,23,444,565,0x0301
348494447701589,40,8,2,24,477,15,0x0401
348496989947236,40,8,2,49,899,472,0x0401
348497091256125,40,8,2,50,912,561,0x0401
348514693175247,40,8,5,46,931,752,0x0301
348514693193788,40,8,5,46,931,937,0x0301
348515195972231,40,8,5,51,959,722,0x0101
348515205399154,40,8,5,52,53,991,0x0102
348518323157125,40,8,6,23,231,571,0x0401
348518335050140,40,8,6,23,350,501,0x0401
348524762888935,40,8,7,27,628,889,0x0401
348525455583627,40,8,7,34,555,836,0x0401
348525468055787,40,8,7,34,680,557,0x0401
348602267853474,40,8,20,22,678,534,0x0401
348603826420798,40,8,20,38,264,207,0x0101
348603835847741,40,8,20,38,358,477,0x0102
348606659927432,40,8,21,6,599,274,0x0401
348606671899033,40,8,21,6,718,990,0x0401
348613029959920,40,8,22,10,299,599,0x0401
348613669244662,40,8,22,16,692,446,0x0401
348613681482314,40,8,22,16,814,823,0x0401
354465870438310,41,0,37,38,704,383,0x0101
354465879865243,41,0,37,38,798,652,0x0102
354468688963614,41,0,38,6,889,636,0x0401
354468700840320,41,0,38,7,8,403,0x0401
354660881158926,41,1,10,8,811,589,0x0401
354716881219734,41,1,19,28,812,197,0x0401
354716893553118,41,1,19,28,935,531,0x0401
355370028216734,41,3,8,20,282,167,0x0401
355374693825478,41,3,9,6,938,254,0x0101
355374703252375,41,3,9,7,32,523,0x0102
355377541975029,41,3,9,35,419,750,0x0401
355377553873349,41,3,9,35,538,733,0x0401
356601073734641,41,6,33,30,737,346,0x0401
356601665227854,41,6,33,36,652,278,0x0401
356601677375299,41,6,33,36,773,752,0x0401
356937595959802,41,7,29,35,959,598,0x0401
356948904027539,41,7,31,29,40,275,0x0401
356948916199883,41,7,31,29,161,998,0x0401
357137034713348,41,8,2,50,347,133,0x0301
357137134857231,41,8,2,51,348,572,0x0401
357139572560411,41,8,3,15,725,604,0x0401
357139579798924,41,8,3,15,797,989,0x0401
357139591689794,41,8,3,15,916,897,0x0401
357140757119394,41,8,3,27,571,193,0x0301
357140860344151,41,8,3,28,603,441,0x0401
357180966574332,41,8,10,9,665,743,0x0401
357180973856462,41,8,10,9,738,564,0x0401
357180985695768,41,8,10,9,856,957,0x0401
357188912706041,41,8,11,29,127,60,0x0401
357198888738698,41,8,13,8,887,386,0x0401
357198900601117,41,8,13,9,6,11,0x0401
357215714432914,41,8,15,57,144,329,0x0401
357217110081699,41,8,16,11,100,816,0x0401
357217122802708,41,8,16,11,228,27,0x0401
363162610647561,42,0,47,6,106,475,0x0401
363164052326991,42,0,47,20,523,269,0x0101
363164061753908,42,0,47,20,617,539,0x0102
363166857492560,42,0,47,48,574,925,0x0401
363166869374403,42,0,47,48,693,744,0x0401
364712048054806,42,5,5,20,480,548,0x0401
364719287333085,42,5,6,32,873,330,0x0101
364719296760002,42,5,6,32,967,600,0x0102
364719441779189,42,5,6,34,417,791,0x0301
364719545008979,42,5,6,35,450,89,0x0401
364722142912744,42,5,7,1,429,127,0x0401
364722143053235,42,5,7,1,430,532,0x0301
364722244217038,42,5,7,2,442,170,0x0401
364734972062303,42,5,9,9,720,623,0x0301
364734972080907,42,5,9,9,720,809,0x0301
364735478278095,42,5,9,14,782,780,0x0101
364735487705038,42,5,9,14,877,50,0x0102
364738569728939,42,5,9,45,697,289,0x0401
364738581610675,42,5,9,45,816,106,0x0401
369905674107759,42,19,30,56,741,77,0x0401
369912733407486,42,19,32,7,334,74,0x0401
369912746099726,42,19,32,7,460,997,0x0401
370208810711225,42,20,21,28,107,112,0x0101
370208820138142,42,20,21,28,201,381,0x0102
370212228557577,42,20,22,2,285,575,0x0103
370212237983776,42,20,22,2,379,837,0x0102
370212860324559,42,20,22,8,603,245,0x0401
370212872218294,42,20,22,8,722,182,0x0401
370219351819026,42,20,23,13,518,190,0x0401
370290644738700,42,20,35,6,447,387,0x0103
370290654167343,42,20,35,6,541,673,0x0102
370290657533699,42,20,35,6,575,336,0x0301
370290657536292,42,20,35,6,575,362,0x0301
370290711832138,42,20,35,7,118,321,0x0101
370290721259632,42,20,35,7,212,596,0x0102
370290724623646,42,20,35,7,246,236,0x0301
370290724626243,42,20,35,7,246,262,0x0301
370290778878727,42,20,35,7,788,787,0x0101
370290788306899,42,20,35,7,883,68,0x0102
370393330697530,42,20,52,13,306,975,0x0401
370393342565186,42,20,52,13,425,651,0x0401
370436800172172,42,20,59,28,1,721,0x0301
370436818935494,42,20,59,28,189,354,0x0301
370436818956469,42,20,59,28,189,564,0x0301
370436900559714,42,20,59,29,5,597,0x0401
370437325156107,42,20,59,33,251,561,0x0101
370437334584375,42,20,59,33,345,843,0x0102
370441227905973,42,21,0,12,279,59,0x0401
370441239744604,42,21,0,12,397,446,0x0401
370484146980955,42,21,7,21,469,809,0x0301
370484166317754,42,21,7,21,663,177,0x0301
370484166349117,42,21,7,21,663,491,0x0301
370484248499106,42,21,7,22,484,991,0x0401
370484672584915,42,21,7,26,725,849,0x0101
370484682013183,42,21,7,26,820,131,0x0102
370488513071795,42,21,8,5,130,717,0x0401
370488524894069,42,21,8,5,248,940,0x0401
370499910871568,42,21,9,59,108,715,0x0401
370499911571257,42,21,9,59,115,712,0x0103
370499920999451,42,21,9,59,209,994,0x0102
370505597934155,42,21,10,55,979,341,0x0301
370505617339925,42,21,10,56,173,399,0x0301
370505617359103,42,21,10,56,173,591,0x0301
370505698430034,42,21,10,56,984,300,0x0401
370506123581760,42,21,11,1,235,817,0x0101
370506133010000,42,21,11,1,330,100,0x0102
370509787475807,42,21,11,37,874,758,0x0401
370509799438800,42,21,11,37,994,388,0x0401
370518922384373,42,21,13,9,223,843,0x0401
370518923079880,42,21,13,9,230,798,0x0103
370518932508050,42,21,13,9,325,80,0x0102
370521012099131,42,21,13,30,120,991,0x0401
370521024024220,42,21,13,30,240,242,0x0401
370529396957580,42,21,14,53,969,575,0x0301
370529497473701,42,21,14,54,974,737,0x0401
370560363192221,42,21,20,3,631,922,0x0401
370560370090530,42,21,20,3,700,905,0x0401
370560382022181,42,21,20,3,820,221,0x0401
370571292792943,42,21,21,52,927,929,0x0401
370604840238137,42,21,27,28,402,381,0x0401
370604852673550,42,21,27,28,526,735,0x0401
370638197187857,42,21,33,1,971,878,0x0401
370694422500078,42,21,42,24,225,0,0x0401
370694435298377,42,21,42,24,352,983,0x0401
370835010063678,42,22,5,50,100,636,0x0401
370838162519326,42,22,6,21,625,193,0x0401
370838174763537,42,22,6,21,747,635,0x0401
370845010813590,42,22,7,30,108,135,0x0401
370910030881836,42,22,18,20,308,818,0x0401
370910043475450,42,22,18,20,434,754,0x0401
370926216159507,42,22,21,2,161,595,0x0401
370932117962528,42,22,22,1,179,625,0x0401
370932130308841,42,22,22,1,303,88,0x0401
370939516945357,42,22,23,15,169,453,0x0401
370940138125936,42,22,23,21,381,259,0x0401
370940150104838,42,22,23,21,501,48,0x0401
370948217511693,42,22,24,42,175,116,0x0401
370949706365571,42,22,24,57,63,655,0x0401
370949718963548,42,22,24,57,189,635,0x0401
370961718389440,42,22,26,57,183,894,0x0401
371053671974480,42,22,42,16,719,744,0x0401
371053684409997,42,22,42,16,844,99,0x0401
371100227511451,42,22,50,2,275,114,0x0401
371164527929236,42,23,0,45,279,292,0x0301
371164547421968,42,23,0,45,474,219,0x0301
371164547441623,42,23,0,45,474,416,0x0301
371164628358343,42,23,0,46,283,583,0x0401
371165053654797,42,23,0,50,536,547,0x0101
371165063083061,42,23,0,50,630,830,0x0102
371168829231512,42,23,1,28,292,315,0x0401
371168841134721,42,23,1,28,411,347,0x0401
371175320629441,42,23,2,33,206,294,0x0401
371180882431578,42,23,3,28,824,315,0x0401
371180894425504,42,23,3,28,944,255,0x0401
371191104471657,42,23,5,11,44,716,0x0401
371214521278962,42,23,9,5,212,789,0x0301
371214538719445,42,23,9,5,387,194,0x0301
371214538738928,42,23,9,5,387,389,0x0301
371214621658423,42,23,9,6,216,584,0x0401
371215044946944,42,23,9,10,449,469,0x0101
371215054375232,42,23,9,10,543,752,0x0102
371218767613643,42,23,9,47,676,136,0x0401
371218779436064,42,23,9,47,794,360,0x0401
371223059311871,42,23,10,30,593,118,0x0301
371223076808161,42,23,10,30,768,81,0x0301
371223076829683,42,23,10,30,768,296,0x0301
371223159630243,42,23,10,31,596,302,0x0401
371223583051095,42,23,10,35,830,510,0x0101
371223592479399,42,23,10,35,924,793,0x0102
371227568762596,42,23,11,15,687,625,0x0401
371227580685641,42,23,11,15,806,856,0x0401
371239756620038,42,23,13,17,566,200,0x0401
371248234261380,42,23,14,42,342,613,0x0301
371248251517557,42,23,14,42,515,175,0x0301
371248251536311,42,23,14,42,515,363,0x0301
371248334569784,42,23,14,43,345,697,0x0401
371248757783781,42,23,14,47,577,837,0x0101
371248767212034,42,23,14,47,672,120,0x0102
371252083305822,42,23,15,20,833,58,0x0401
371252095163659,42,23,15,20,951,636,0x0401
371258651210642,42,23,16,26,512,106,0x0401
371258873624665,42,23,16,28,736,246,0x0401
371258885728894,42,23,16,28,857,288,0x0401
371265151805851,42,23,17,31,518,58,0x0401
371276008874290,42,23,19,20,88,742,0x0103
371276018303334,42,23,19,20,183,33,0x0102
371297647704174,42,23,22,56,477,41,0x0301
371297665193333,42,23,22,56,651,933,0x0301
371297665205049,42,23,22,56,652,50,0x0301
371297747994058,42,23,22,57,479,940,0x0401
371298171424147,42,23,23,1,714,241,0x0101
371298180853291,42,23,23,1,808,532,0x0102
371301657772179,42,23,23,36,577,721,0x0103
371301667200539,42,23,23,36,672,5,0x0102
371302289533436,42,23,23,42,895,334,0x0401
371302301399320,42,23,23,43,13,993,0x0401
371308844740243,42,23,24,48,447,402,0x0401
371331050515779,42,23,28,30,505,157,0x0401
371331062900011,42,23,28,30,629,0,0x0401
371333153584388,42,23,28,51,535,843,0x0301
371333256200420,42,23,28,52,562,4,0x0401
371370628723996,42,23,35,6,287,239,0x0401
371370635221599,42,23,35,6,352,215,0x0401
371370647119815,42,23,35,6,471,198,0x0401
371380749387127,42,23,36,47,493,871,0x0401
371418967723736,42,23,43,9,677,237,0x0401
371418979791930,42,23,43,9,797,919,0x0401
371456754087112,42,23,49,27,540,871,0x0401
371506154522166,42,23,57,41,545,221,0x0401
371506166729660,42,23,57,41,667,296,0x0401
371541559628547,43,0,3,35,596,285,0x0401
371546205445745,43,0,4,22,54,457,0x0301
371546224680076,43,0,4,22,246,800,0x0301
371546224699198,43,0,4,22,246,991,0x0301
371546306096820,43,0,4,23,60,968,0x0401
371546730927453,43,0,4,27,309,274,0x0101
371546740355867,43,0,4,27,403,558,0x0102
371550229620569,43,0,5,2,296,205,0x0401
371550241509320,43,0,5,2,415,93,0x0401
371683711471590,43,0,27,17,114,715,0x0401
371686467922313,43,0,27,44,679,223,0x0401
371686480560735,43,0,27,44,805,607,0x0401
371786018122118,43,0,44,20,181,221,0x0401
371810356585796,43,0,48,23,565,857,0x0401
371810369187070,43,0,48,23,691,870,0x0401
371865323195205,43,0,57,33,231,952,0x0401
371865377906680,43,0,57,33,779,66,0x0401
371865389886592,43,0,57,33,898,865,0x0401
371897025216892,43,1,2,50,252,168,0x0401
371897388709963,43,1,2,53,887,99,0x0401
371897400644169,43,1,2,54,6,441,0x0401
371927027218733,43,1,7,50,272,187,0x0401
371927038395979,43,1,7,50,383,959,0x0401
371927050263290,43,1,7,50,502,632,0x0401
371986330953990,43,1,17,43,309,539,0x0401
371989069752115,43,1,18,10,697,521,0x0401
371989083059518,43,1,18,10,830,595,0x0401
371989298933079,43,1,18,12,989,330,0x0101
371989308361484,43,1,18,13,83,614,0x0102
371989314260933,43,1,18,13,142,609,0x0101
371989323689319,43,1,18,13,236,893,0x0102
371989329605260,43,1,18,13,296,52,0x0101
371989339033643,43,1,18,13,390,336,0x0102
371989344966354,43,1,18,13,449,663,0x0101
371989354394747,43,1,18,13,543,947,0x0102
371989360343217,43,1,18,13,603,432,0x0101
371989369771620,43,1,18,13,697,716,0x0102
371989375727694,43,1,18,13,757,276,0x0101
371989385156107,43,1,18,13,851,561,0x0102
371989391120901,43,1,18,13,911,209,0x0101
371989400549300,43,1,18,14,5,493,0x0102
371989406516175,43,1,18,14,65,161,0x0101
371989415944568,43,1,18,14,159,445,0x0102
371989421917302,43,1,18,14,219,173,0x0101
371989431345725,43,1,18,14,313,457,0x0102
371989437324579,43,1,18,14,373,245,0x0101
371989446752994,43,1,18,14,467,529,0x0102
371989452735463,43,1,18,14,527,354,0x0101
371989462163868,43,1,18,14,621,638,0x0102
371989468149016,43,1,18,14,681,490,0x0101
371989477577425,43,1,18,14,775,774,0x0102
371989483562840,43,1,18,14,835,628,0x0101
371989492991263,43,1,18,14,929,912,0x0102
371989498977367,43,1,18,14,989,773,0x0101
371989508405786,43,1,18,15,84,57,0x0102
371989514393284,43,1,18,15,143,932,0x0101
371989523821693,43,1,18,15,238,216,0x0102
371989529811131,43,1,18,15,298,111,0x0101
371989539239544,43,1,18,15,392,395,0x0102
371989545230005,43,1,18,15,452,300,0x0101
371989554658430,43,1,18,15,546,584,0x0102
371989560650519,43,1,18,15,606,505,0x0101
371989570078934,43,1,18,15,700,789,0x0102
371989576071042,43,1,18,15,760,710,0x0101
371989585499445,43,1,18,15,854,994,0x0102
371989591492766,43,1,18,15,914,927,0x0101
371989600921165,43,1,18,16,9,211,0x0102
371989606917609,43,1,18,16,69,176,0x0101
371989616346024,43,1,18,16,163,460,0x0102
371989622341513,43,1,18,16,223,415,0x0101
371989631769936,43,1,18,16,317,699,0x0102
371989637768206,43,1,18,16,377,682,0x0101
371989647196629,43,1,18,16,471,966,0x0102
371989653195460,43,1,18,16,531,954,0x0101
371989662623865,43,1,18,16,626,238,0x0102
371989668622337,43,1,18,16,686,223,0x0101
371989678050760,43,1,18,16,780,507,0x0102
371989684048461,43,1,18,16,840,484,0x0101
371989693476866,43,1,18,16,934,768,0x0102
371989699476335,43,1,18,16,994,763,0x0101
371989708904740,43,1,18,17,89,47,0x0102
371989714906199,43,1,18,17,149,61,0x0101
371989724334608,43,1,18,17,243,346,0x0102
371989730336913,43,1,18,17,303,369,0x0101
371989739765326,43,1,18,17,397,653,0x0102
371989745766806,43,1,18,17,457,668,0x0101
371989755195219,43,1,18,17,551,952,0x0102
371989761194943,43,1,18,17,611,949,0x0101
371989770623362,43,1,18,17,706,233,0x0102
371989776627806,43,1,18,17,766,278,0x0101
371989786056229,43,1,18,17,860,562,0x0102
371989792057139,43,1,18,17,920,571,0x0101
371989801485558,43,1,18,18,14,855,0x0102
371989807490003,43,1,18,18,74,900,0x0101
371989816918386,43,1,18,18,169,183,0x0102
371989822921137,43,1,18,18,229,211,0x0101
371989832349532,43,1,18,18,323,495,0x0102
371989838353474,43,1,18,18,383,534,0x0101
371989847781859,43,1,18,18,477,818,0x0102
371989853789328,43,1,18,18,537,893,0x0101
371989863217731,43,1,18,18,632,177,0x0102
371989869220475,43,1,18,18,692,204,0x0101
371989878648868,43,1,18,18,786,488,0x0102
371989884657169,43,1,18,18,846,571,0x0101
371989894085562,43,1,18,18,940,855,0x0102
371989900092852,43,1,18,19,0,928,0x0101
371989909521245,43,1,18,19,95,212,0x0102
371989915526979,43,1,18,19,155,269,0x0101
371989924955388,43,1,18,19,249,553,0x0102
371989930962863,43,1,18,19,309,628,0x0101
371989940391266,43,1,18,19,403,912,0x0102
371989946398706,43,1,18,19,463,987,0x0101
371989955827099,43,1,18,19,558,270,0x0102
371989961834559,43,1,18,19,618,345,0x0101
371989971262962,43,1,18,19,712,629,0x0102
371989977273422,43,1,18,19,772,734,0x0101
371989986701837,43,1,18,19,867,18,0x0102
371989992709326,43,1,18,19,927,93,0x0101
371990002137719,43,1,18,20,21,377,0x0102
371990008148200,43,1,18,20,81,482,0x0101
371990017576585,43,1,18,20,175,765,0x0102
371990023587033,43,1,18,20,235,870,0x0101
371990033015436,43,1,18,20,330,154,0x0102
371990039025890,43,1,18,20,390,258,0x0101
371990048454295,43,1,18,20,484,542,0x0102
371990054463787,43,1,18,20,544,637,0x0101
371990063892172,43,1,18,20,638,921,0x0102
371990069902631,43,1,18,20,699,26,0x0101
371990079331030,43,1,18,20,793,310,0x0102
371990085341498,43,1,18,20,853,414,0x0101
371990094769901,43,1,18,20,947,699,0x0102
371990100779395,43,1,18,21,7,793,0x0101
371990110207810,43,1,18,21,102,78,0x0102
371991685415035,43,1,18,36,854,150,0x0401
371991697316852,43,1,18,36,973,168,0x0401
371998529211971,43,1,19,45,292,119,0x0401
372050279121595,43,1,28,22,791,215,0x0401
372050291299587,43,1,28,22,912,995,0x0401
372116536752764,43,1,39,25,367,527,0x0401
372129400558998,43,1,41,34,5,589,0x0401
372129412584888,43,1,41,34,125,848,0x0401
372220143325351,43,1,56,41,433,253,0x0401
372232393147691,43,1,58,43,931,476,0x0401
372232405518938,43,1,58,44,55,189,0x0401
372280947263640,43,2,6,49,472,636,0x0401
372340867563919,43,2,16,48,675,639,0x0301
372340868573184,43,2,16,48,685,731,0x0401
372344378665030,43,2,17,23,786,650,0x0401
372344386148365,43,2,17,23,861,483,0x0401
372344398019441,43,2,17,23,980,194,0x0401
372344803077362,43,2,17,28,30,773,0x0401
372347111794200,43,2,17,51,117,942,0x0401
372347123767415,43,2,17,51,237,674,0x0401
372350810540567,43,2,18,28,105,405,0x0401
372386197500153,43,2,24,21,975,1,0x0301
372386216239625,43,2,24,22,162,396,0x0301
372386216259135,43,2,24,22,162,591,0x0301
372386298315184,43,2,24,22,983,151,0x0401
372386722467577,43,2,24,27,224,675,0x0101
372386731895940,43,2,24,27,318,959,0x0102
372389833896819,43,2,24,58,338,968,0x0401
372389845758484,43,2,24,58,457,584,0x0401
372396284091173,43,2,26,2,840,911,0x0401
372405042725363,43,2,27,30,427,253,0x0401
372405054580094,43,2,27,30,545,800,0x0401
372411485552559,43,2,28,34,855,525,0x0401
372436117448188,43,2,32,41,174,481,0x0401
372436129294297,43,2,32,41,292,942,0x0401
372442620738972,43,2,33,46,207,389,0x0401
